{
  "accuracy": 0.91116,
  "precision_macro": 0.9111912663259853,
  "recall_macro": 0.91116,
  "f1_macro": 0.9111583111550318,
  "per_class": {
    "neg": {
      "precision": 0.914776854168348,
      "recall": 0.9068,
      "f1": 0.9107709613916677,
      "support": 12500
    },
    "pos": {
      "precision": 0.9076056784836228,
      "recall": 0.91552,
      "f1": 0.9115456609183958,
      "support": 12500
    }
  }
}