{
  "accuracy": 0.89284,
  "precision_macro": 0.8928506226808373,
  "recall_macro": 0.8928400000000001,
  "f1_macro": 0.8928392755935031,
  "per_class": {
    "neg": {
      "precision": 0.8948934459187776,
      "recall": 0.89024,
      "f1": 0.8925606577100461,
      "support": 12500
    },
    "pos": {
      "precision": 0.8908077994428969,
      "recall": 0.89544,
      "f1": 0.8931178934769599,
      "support": 12500
    }
  }
}